map,cells,unique,top1,detail,uniq_per_100
WoB-Narshe,6095,2039,0.053,0.794,33.5
WoB-Narshe-SouthMines,7008,1544,0.062,0.718,22
WoB-Narshe-NorthMines,2970,1249,0.03,0.763,42.1
WoB-Narshe-Hills,2531,920,0.202,0.657,36.3
WoB-FigaroCastle,5971,1373,0.336,0.473,23
WoB-FigaroCave-FirstPass,1721,554,0.056,0.666,32.2
WoB-SouthFigaro,8436,2121,0.025,0.782,25.1
WoB-Sabin'sHouse,513,219,0.082,0.532,42.7
WoB-MtKolts,7274,4196,0.009,0.911,57.7
WoB-Returners'Hideout,1890,512,0.074,0.662,27.1
WoB-LeteRiver,8192,1819,0.024,0.787,22.2
WoB-FigaroCave-SecondPass,1211,795,0.026,0.832,65.6
WoB-OldMan'sHouse,423,217,0.154,0.572,51.3
WoB-ImperialCamp,2208,629,0.158,0.582,28.5
WoB-DomaCastle,5569,1779,0.23,0.64,31.9
WoB-PhantomForest,1994,1074,0.065,0.755,53.9
WoB-PhantomTrain,4407,978,0.039,0.749,22.2
WoB-BarenFalls,759,560,0.025,0.826,73.8
WoB-BaseOfBarenFalls,317,98,0.167,0.331,30.9
WoB-Mobliz,2474,1503,0.036,0.842,60.8
WoB-CrescentMountain,1119,534,0.023,0.772,47.7
WoB-SerpentTrench,16384,93,0.306,0.135,0.6
WoB-SerpentTrench-Caves,1101,337,0.081,0.634,30.6
WoB-Nikeah,2635,888,0.082,0.726,33.7
WoB-Kohlingen,1943,1494,0.021,0.901,76.9
WoB-HouseAtDragon'sNeck,437,194,0.142,0.503,44.4
WoB-Jidoor,3744,1836,0.022,0.851,49
WoB-Zozo,6489,2236,0.164,0.701,34.5
WoB-OperaHouse,2401,834,0.026,0.729,34.7
WoB-Blackjack,1567,1048,0.022,0.892,66.9
WoB-Albrook,3509,1160,0.046,0.746,33.1
WoB-Maranda,1752,920,0.026,0.784,52.5
WoB-Tzen,1915,589,0.037,0.743,30.8
WoB-ChocoboStable,439,127,0.075,0.401,28.9
WoB-Vector,4471,1173,0.085,0.767,26.2
WoB-MagitekFactory,6352,2731,0.017,0.835,43
WoB-EsperWorld,5443,1077,0.265,0.537,19.8
WoB-ImperialBase,1401,397,0.126,0.577,28.3
WoB-CaveToTheSealedGate,5231,1950,0.057,0.679,37.3
WoB-ImperialCastle,4782,1599,0.026,0.769,33.4
WoB-Albrook-Dock,1024,243,0.371,0.332,23.7
WoB-Thamasa,3893,1365,0.136,0.726,35.1
WoB-BurningHouse,1843,738,0.016,0.807,40
WoB-Espers'GatheringPlace,5611,3788,0.006,0.935,67.5
WoB-FloatingContinent,7062,2606,0.047,0.863,36.9
WoR-SolitaryIsland,1041,645,0.035,0.771,62
WoR-Albrook,3493,1139,0.047,0.743,32.6
WoR-Tzen,2856,1167,0.028,0.773,40.9
WoR-Mobliz,2243,1528,0.044,0.812,68.1
WoR-SouthFigaro,6003,1943,0.024,0.811,32.4
WoR-FigaroCave-ThirdPass,1772,793,0.031,0.77,44.8
WoR-FigaroCastleBasement,1537,341,0.085,0.505,22.2
WoR-Kohlingen,1930,1474,0.021,0.902,76.4
WoR-Colosseum,700,188,0.161,0.431,26.9
WoR-Darill'sTomb,2292,669,0.05,0.675,29.2
WoR-Falcon,1133,589,0.016,0.814,52
WoR-MtZozo,4223,2224,0.014,0.879,52.7
WoR-Gau'sFather'sHouse,426,220,0.153,0.575,51.6
WoR-CaveInTheVeldt,1444,1053,0.017,0.885,72.9
WoR-Thamasa,4454,1443,0.163,0.666,32.4
WoR-Owser'sHouse,1809,982,0.034,0.779,54.3
WoR-Narshe-SouthMines,7012,1550,0.062,0.718,22.1
WoR-Umaro'sCave,1951,1478,0.013,0.893,75.8
WoR-Duncan'sHouse,509,215,0.083,0.528,42.2
WoR-Cyan'sSoul,6311,1671,0.036,0.752,26.5
WoR-Ebot'sRock,1279,279,0.039,0.561,21.8
WoR-TriangleIslandCave,2572,944,0.049,0.733,36.7
WoR-AncientCastle,4958,1359,0.033,0.754,27.4
WoR-PhoenixCave,5665,2438,0.017,0.835,43
WoR-Fanatics'Tower,3128,668,0.045,0.673,21.4
WoR-Kefka'sTower,13325,6745,0.025,0.863,50.6
